city,osm_type,osm_id,name,address,phone,email,website
Golestan,node,5845978197,,,,,
Golestan,node,7099489286,اکبر جوجه گلوگاه,,,,
Golestan,node,10005974644,فروشگاه موبایل مبشر,,,,
Golestan,node,10005974645,سوپرمارکت خندوانه,,,,
Golestan,node,10005981563,پاساژ امام رضا,,,,
Golestan,node,10005981567,,,,,
Golestan,node,10016034316,نانوایی پل هاشم,,,,
Golestan,node,10018579908,پاساژ غدیرزاده,,,,
Golestan,node,10018579909,جانبو,,,,
Golestan,node,10018579911,نانوایی تهران,,,,
Golestan,node,10018579914,خشک شویی زکیان,,,,
Golestan,node,10018604822,نانوایی پلنگی,,,,
Golestan,node,10018662732,نانوایی نان محلی,,,,
Golestan,node,10018662733,سالن زیبایی سارینا,,,,
Golestan,node,10018662734,نانوایی سنگک 20متری,,,,
Golestan,node,10018766534,سالن زیبایی فرزانه وهمیان,,,,
Golestan,node,10935453351,قهوه خانه,,,,
Golestan,node,10937262611,,,,,
Golestan,node,11010319168,سوپری پروانه,,,,
Golestan,node,11449572927,تعمیرات ونصب خودرو دوگانه سوز شهاب گازسوز اطلس,شهید قربانپور,09336618032,,
Golestan,node,12018372882,اتوگالری اعتماد,"بهشهر - کردکوی, بندر گز",09113737545,,
Golestan,node,12092828209,سالن زیبارویان,,,,
Golestan,node,12231617587,کافه ملو,"بهشهر - کردکوی, گلو گاه",09383565703,,
Golestan,way,692720438,رستوران اکبر جوجه,,+98 11 3466 1600,,
Golestan,way,692743114,رستوران نارنج و ترنج,,,,
Golestan,node,4526228489,شهروند,,+98 17 3433 7266,r.hosseinpour@hotmail.com,
Golestan,node,4533807591, نانوایی بربری  فرهنگ,,,,
Golestan,node,5513876122,چاووش,بلوار ناهارخوران,,,
Golestan,node,9531992003,رستوران درباری,"میدان ناهارخوران, گرگان",+98 93 6327 9080,,
Golestan,node,10123493900,کافه اقاقیا,,,,
Golestan,node,11033805218,کافه رستوران دایی عباس,,,,
Golestan,way,677007320,رستوران قصر خورشید,,,,
Golestan,way,677009997,دالان بهشت,,,,
Golestan,node,11178190747,غرفه صنایع دستی اورس,بسطام,+989192748602,,
Golestan,node,11178205812,کافه اورس,,,,
Golestan,node,5564545192,بربری,,,,
Golestan,node,6938141990,,,,,
Golestan,node,6938141991,,,,,
Golestan,node,7783326410,,ابر - شیرین آباد - علی آباد,+98 919 374 1040,,
Golestan,node,3501000619,,,,,
Golestan,node,3932168360,بازارچه ساحلی,,+98 939 592 2521,,
Golestan,node,4396286990,رستوران کاسپین,,,,
Golestan,node,4720212062,,,,,
Golestan,node,4720217505,,,,,
Golestan,node,4720217506,,,,,
Golestan,node,4720217507,,,,,
Golestan,node,4720217508,,,,,
Golestan,node,4720217509,,,,,
Golestan,node,4720217510,,,,,
Golestan,node,4720217511,,,,,
Golestan,node,4720217512,,,,,
Golestan,node,4788963024,فروشگاه لوازم یدکى عقیلى (سیدمحمد),بلوار امام رضا شرقى,+981734337190,aghilicss@icloud.com,
Golestan,node,4957442821,مواد غذایی و لبنیاتی کاسپین,خیابان اسپریس,,,
Golestan,node,5134522822,مختوم قلی,,,,
Golestan,node,5134525621,شمال,,,,
Golestan,node,5854495186,بازارچه ساحلی بندرگز,,,,
Golestan,node,5854670927,بازار جدید ماهی فروشان تورکمن,,,,
Golestan,node,6461496468,,,,,
Golestan,node,6462254943,,,,,
Golestan,node,8589684324,کافه قهوه تلخ,,+989111712981,,
Golestan,node,8755680170,قصر پرده شربتی,بندر ترکمن,+98 933970 1511,,
Golestan,node,8755812832,پارچه سرای ستار,بندر ترکمن,+98 911377 1521,,
Golestan,node,8767234913,پارچه سرای عبدالخالق,بندر ترکمن,+98 911373 1287,,
Golestan,node,8767448841,دفتر ساختمانی و دکوراسیون فرازبام گلستان,بندر ترکمن,+98 173442 9241,,
Golestan,node,9669582064,طلافروشی افضلی,,,,
Golestan,node,9669582066,تجهیزات پزشکی,,,,
Golestan,node,9669582067,سوپرمارکت,,,,
Golestan,node,10005976366,پاساژ فرخنده,,,,
Golestan,node,10005976368,پاساژ پیوندی,,,,
Golestan,node,10005981574,دیلی مارکت,,,,
Golestan,node,10015785179,کافه عمو حاجی,,,,
Golestan,node,10015785180,کافه پارس,,,,
Golestan,node,10015785181,کافه کیارش,,,,
Golestan,node,10015785182,سالن بیلیارد,,,,
Golestan,node,10015785183,کافه شبستان,,,,
Golestan,node,10015785184,کافه کهن دیار,,,,
Golestan,node,10015785185,کافه موج,,,,
Golestan,node,10015785186,کافه قرمز,,,,
Golestan,node,10015785187,کافه لیون,,,,
Golestan,node,10015785188,کافه دورهمی,,,,
Golestan,node,10016034293,میدان میوه تربار,,,,
Golestan,node,10016034302,نانوایی سنگک سلامت,,,,
Golestan,node,10016034305,نانوایی سپاه,,,,
Golestan,node,10016116648,عطاری معقولی,,,,
Golestan,node,11101045574,رایان کلیک,,+981734432002,,https://mytc.ir/click/
Golestan,node,11101045575,مجتمع تجاری چوگان,,+981734432001,,
Golestan,node,11139696286,بازار بزرگ بندرترکمن,,,,
Golestan,node,11499680787,لوکس اسپرت کامیون بندر,,,,
Golestan,node,11581271862,لوازم تحریر و کتابفروشی دانشجو,,,,
Golestan,node,11676949153,برگر دو آتیشه,"میدان مختومقلی, بندر ترکمن",01734487501,,
Golestan,node,12105590242,فروشگاه لعابی کلاسیک,"جاده اسکله, بندرترکمن",,,
Golestan,node,12141163781,پت شاپ پت تو,"کردکوی - بهشهر, کردکوی",,,
Golestan,node,12229235900,فروشگاه برهانی,"جاده اسکله, بندرترکمن",09111786656,,
Golestan,node,12330705375,آسانسور ستاره شرق قرنجیک,"جمهوری ۲۱, بندر ترکمن",09126238927,,
Golestan,node,13064043081,برگر کرفه,بلواربهشت,01734433909,,
Golestan,way,478832636,اسکله مارماریس,,,,
Golestan,way,688937479,رستوران ستاره ترکمن,,+98 17 3448 5080,,
Golestan,way,688968338,,,,,
Golestan,node,948046064,رستوران سبز,,,,
Golestan,node,3101606499,سایلان,,,,
Golestan,node,3101611007,سایلان,,+981734525171,,
Golestan,node,3159009708,وارکانا,,,,
Golestan,node,3159011850,رستوران اروس,امام خمینی,,,
Golestan,node,3843612895,چلو گوشت برادران کریم,"میدان مفتح - ابتدای بلوار شهید کلانتری - ضلع شمالی, 00981732424594, گرگان, 49197-15718",+98 17 3242 4340,,
Golestan,node,3843613007,اکبرجوجه,,,,
Golestan,node,3843613013,رستوران زنجیره ای برادران یزدانی,,+98 17 3242 2226,,http://www.jooje-jamshid.ir
Golestan,node,3867254958,,,,,
Golestan,node,3870399960,,پاسداران,,,
Golestan,node,3870715652,رستوران و تالار آلتین صحرا,,,,
Golestan,node,3896919962,فست فود اينجا,,,,
Golestan,node,3896921161,,,,,
Golestan,node,3910198359,نانوایی,,,,
Golestan,node,3910198360,نانوایی,,,,
Golestan,node,4043078589,قصر آق قلا شیرینی و بستنی,,,,
Golestan,node,4264718352,درویش,"بلوار کلانتری - جنب رستوران چلوگوشت برادران کریم, گرگان",,,
Golestan,node,4343849889,بوفالو,,,,
Golestan,node,4398396590,دوغ شتر محلی,لاله بیست و پنجم,,,
Golestan,node,4403815589,,,,,
Golestan,node,4403818334,ایران خوردو,,,,
Golestan,node,4422294892,پاساژ زرتشت,نبش عدالت ۶۵,,,
Golestan,node,4502721038,لاوازا,,+98 17 3252 1812,,
Golestan,node,4502721039,مرکز خرید تندیس,,,,
Golestan,node,4547764791,میدان بار گرگان,,,,
Golestan,node,4574595998,حنانه,,,,
Golestan,node,4574596000,دقت,,,,
Golestan,node,4574928875,سوپر گوشت طاهر,"میدان مختومقلی فراغی, آق قلا",,,
Golestan,node,4574928876,,"میدان مختومقلی فراغی, آق قلا",,,
Golestan,node,4574928877,,"میدان مختومقلی فراغی, آق قلا",,,
Golestan,node,4574928878,سایلان,,,,
Golestan,node,4574928879,لوازم التحریر لایقی,,,,
Golestan,node,4579538391,سوپر مارکت سروش,,,,
Golestan,node,4579539091,سوپرمارکت سعادت,,,,
Golestan,node,4590429784,سایلان,بلوار دانشجو,,,
Golestan,node,4601048868,رستوران شایسته,,,,
Golestan,node,4603425923,آرایشگاه ایده آل,"بیت المقدس, آق قلا",,,
Golestan,node,4665428968,تعمیرگاه موتورسیکلت احمد اونق,,+98 911 975 0086,,
Golestan,node,4696747298,نمایندگی مزدا جلالی,جرجان,,,
Golestan,node,4702924691,سنگک و لواشی حسن لو,,,,
Golestan,node,4706315798,جوجه طلایی,مطهری شمالی,+981732154889,,
Golestan,node,4726770923,عینک فروشی پارسیان,,,,
Golestan,node,4726773692,ماست بندی,,,,
Golestan,node,4726828390,آرایشگاه دیدار,,,,
Golestan,node,4728215990,بازارچه دایان,,,,
Golestan,node,4728231789,ساندویچ ی مختوم قلی,,,,
Golestan,node,4728254089,فتوکپی پیکسل رایانه,,,,
Golestan,node,4760388329,۱۴۵,,,,
Golestan,node,4887943406,شیک استایل,گرگانپارس,,,
Golestan,node,4911704223,مرغ فروشی تجری,مدرس,+98 936 198 6661,,
Golestan,node,4920855223,اروس مارکت,,,,
Golestan,node,4929770521,رستوران هلال,,,,
Golestan,node,4973710669,زیتون۱,"شهرک زیتون،فلکه سوم, گرگان",,,
Golestan,node,4973710670,زیتون۲,"شهرک زیتون،فلکه سوم, گرگان",,,
Golestan,node,4991689757,رستوران مسعود,,,,
Golestan,node,5000763521,پاساژ مرسل,,,,
Golestan,node,5073875651,اروس پروتئین,,,,
Golestan,node,5073908733,کیف و کفش پایتخت,,,,
Golestan,node,5101702947,,,,,
Golestan,node,5103706533,,,,,
Golestan,node,5137956241,,,,,
Golestan,node,5159256318,تعمیرگاه و مجتمع خدمات فنی خودرو فراهانی,,,,
Golestan,node,5170755073,,,,,
Golestan,node,5170755082,نانوایی,,,,
Golestan,node,5170755088,,,,,
Golestan,node,5200169234,سوپرمارکت و لبنیاتی مسعود,چمران آزادی,,,
Golestan,node,5203857121,گیم کلاب,,,,
Golestan,node,5203857321,سوپر مارکت افشین,,,,
Golestan,node,5222761229,تعویض روغن فرشید,,,,
Golestan,node,5234687422,میثم,,,,
Golestan,node,5234691821,,,,,
Golestan,node,5234692121,,,,,
Golestan,node,5293873974,پیتزا پروشا,عدالت ۷۴,+981732550118,,
Golestan,node,5350886799,آزادی ۲ قادر یلقی,"مصطفی خمینی, آق قلا",,,
Golestan,node,5416073947,گلستان آی سی تی,"عدالت سیزدهم, ساختمان777, گرگان, 4917754543",+98 17 32251360,info@golestanict.ir,
Golestan,node,5486500323,فروشگاه قطعات یدکی سیدمحمد عقیلی,"بلوار امام رضا شرقی, 48816, 59934",+98 17 3433 7190,,
Golestan,node,5561594040,رستوران چکدرمه جلال سوقی,,,,
Golestan,node,5591809421,الزر,,,,
Golestan,node,5600186721,رستوران بازار,,,,
Golestan,node,5695973952,شیرینی کندو,,,,
Golestan,node,5695973953,محصولات فرهنگی قرن ۲۱,,,,
Golestan,node,5695981868,مرکز خرید,,,,
Golestan,node,5695981869,مرکز خرید رویال,,,,
Golestan,node,5695990559,پاساژ کوروش,,,,
Golestan,node,5783254756,گیاهان دارویی توکل,"ارکین بیست و ششم, آق قلا",+98 17 3452 1959,,
Golestan,node,6116588685,رستوران فرهنگ,,,,
Golestan,node,6195689100,زیتون ۳,"شهرک زیتون -میدان سوم, گرگان",,,
Golestan,node,6269145699,رفاه,نعلبندان,,,
Golestan,node,6339509998,کافه مجنون,,,,
Golestan,node,6550758454,۴۴۴,"امام خمینی شمالی, آق قلا",,,
Golestan,node,6550758455,طاهر,"امام خمینی شمالی, آق قلا",,,
Golestan,node,6550758456,چنگیز کامبیز,"امام خمینی جنوبی, آق قلا",,,
Golestan,node,6550758457,عمران,,,,
Golestan,node,6550758458,نان بربری علی,"امام خمینی جنوبی, آق قلا",,,
Golestan,node,6550759454,باتری فروشی طاها,"میدان فرمانداری, آق قلا",,,
Golestan,node,6550759455,تعویض روغنی ساسان  گرکز,"امام خمینی جنوبی, آق قلا",,,
Golestan,node,6550759460,بی نیاز,"باهنر, آق قلا",,,
Golestan,node,6550759461,بی نیاز,"بیت المقدس, آق قلا",,,
Golestan,node,6550759462,,,,,
Golestan,node,6550759463,لوازم التحریر رشید,"مصطفی خمینی, آق قلا",,,
Golestan,node,6550759464,آرایش کنعان,"مصطفی خمینی, آق قلا",,,
Golestan,node,6550759465,۹۰۹۰,"مصطفی خمینی, آق قلا",,,
Golestan,node,6550759466,,"مصطفی خمینی, آق قلا",,,
Golestan,node,6550759467,مرغ فروشی سوقی,"مصطفی خمینی, آق قلا",,,
Golestan,node,6550759468,نمایشگاه کالسکه,"مصطفی خمینی, آق قلا",,,
Golestan,node,6550759470,مرغ فروشی سوقی,"مصطفی خمینی, آق قلا",,,
Golestan,node,6550759471,مرغ فروشی,"مصطفی خمینی, آق قلا",,,
Golestan,node,6550785399,خدمات الکترکی,"میدان مختومقلی فراغی, آق قلا",,,
Golestan,node,6550785400,صافکاری مهدی,"مصطفی خمینی, آق قلا",,,
Golestan,node,6550785401,تعمیرگاه موتورسیکلت رضا,"مختومقلی بیستم, آق قلا",+98 911 975 0086,,
Golestan,node,6550785402,صافکاری کاکا جان,"مصطفی خمینی, آق قلا",,,
Golestan,node,6725938522,Gas LPG  گاز مایع نمایندگی عباسپور,"Daneshjoo Blvd, Gorgan",+98 935 897 1879,,
Golestan,node,6740100147,ParsMehregan  پارس مهرگان ماشینهای اداری و رایانه,"Pasaj Reza, Shahid Beheshti Ave,, Gorgan, Iran",+98 17 3225 5258,,http://www.parsmehregan.com
Golestan,node,6794595665,Melal,,,,
Golestan,node,6794596922,Janodel Hangout,,+989112809523,,
Golestan,node,6794604463,Pottery Tourism House,,,,
Golestan,node,6794620204,,,,,
Golestan,node,6872683721,رستوران ملل گرگان,پنج اذر,,,
Golestan,node,7005634987,داروخانه دکتر خوری,"عدالت ۳۱, gorgan",+981732330700,,
Golestan,node,7082437231,گرگان تابلو,"بین شهید بهشتی 5 و 7, گرگان",,,
Golestan,node,7124851706,فروشگاه قطعات و تجهیزات آسانسور,گرگان,+98 911 2738657,,
Golestan,node,7131358629,شیرآلات و لوازم ساختمانی مقصودلو راد,گرگان,+98 911509 1083,,
Golestan,node,7131370865,شیرینی سرای ملکه کندو,گرگان,+98 911 406 9909,,
Golestan,node,7131889115,کبابی جهاد,گرگان,+98935 796 6226,,
Golestan,node,7131903024,فست فود پیتزا خونه,گرگان,,,
Golestan,node,7134114171,مجتمع فنی فرهادی,گرگان,+98911 1772903,,
Golestan,node,7134205617,صافکاری دقیق,گرگان,,,
Golestan,node,7134206570,مکانیکی و خدمات فنی بسطامی,گرگان,,,
Golestan,node,7137539080,لوازم یدکی خمر,گرگان,+98 92 1180 5848,,
Golestan,node,7156224046,,,,,
Golestan,node,7170281728,فروشگاه نونان,گرگان,,,
Golestan,node,7170308528,فرش علاءالدین نمایندگی فرش قیطران و خاطره,گرگان,,,
Golestan,node,7170409539,کبابسرای علی,گرگان,+98 911 377 4100,,
Golestan,node,7174595837,فروشگاه  کلی و جزئی مواد غذایی احمدی ( رجب,گرگان,+98 911 371 2647,,
Golestan,node,7174775210,تولید و پخش و اجرا قرنیز ، پارکت ، دیوارپوش و کاغذ دیواری آراد چوب,گرگان,+98 911 175 0430,,
Golestan,node,7174889952,فروش و اجرا سقف کاذب ، دیوارپوش pvc و قرنیز آذران پلاست,گرگان,+98 912 703 5493,,
Golestan,node,7175073359,نمایندگی  ترازو  ، باسکول  و  کالباس بر محک,گرگان,,,
Golestan,node,7175083376,عطاری  صداقت,گرگان,+98 9113706036,,
Golestan,node,7175344390,فروشگاه ظروف یکبار مصرف  احسان,گرگان,+98 911377 1412,,
Golestan,node,7175362106,فروشگاه پروتئینی نیل,گرگان,+98 1732425860,,
Golestan,node,7175509239,ترازو و باسکول دیده بان ( نمایندگی پند، فروش و تعمیرات,گرگان,+98 939846 3946,,
Golestan,node,7175531527,فروشگاه ماهی و میگو تازه جنوب,گرگان,+98 911273 1297,,
Golestan,node,7175634783,کبابسرای بهروز,گرگان,+98 911 370 83 89,,
Golestan,node,7184314914,مرکز خرید پاراگلایدر و پاراموتور,گرگان,+98911 171 4096,,
Golestan,node,7191939923,کلینیک تاسیسات ساختمانی سبز ( نیوپایپ ، شودر,گرگان,+98 911 370 6947,,
Golestan,node,7191976735,مبل امین شمس آبادی,گرگان,+981732323900,,
Golestan,node,7192010344,نقاشی اتومبیل رویال,گرگان,+98 911701 5525,,
Golestan,node,7192019471,پوشاک آقای خاص,گرگان,,,
Golestan,node,7192047581,شیرینی سرای قند عسل,گرگان,,,
Golestan,node,7192047582,نقاشی اتومبیل رویال,گرگان,+98 911701 5525,,
Golestan,node,7192055597,نمایندگی ایزوگام تکنام شرق مشهد,گرگان,,,
Golestan,node,7192063462,فرش علاءالدین نمایندگی مرنیوس ، سانا و حالی,گرگان,,,
Golestan,node,7192082099,لبنیاتی چهار فصل,گرگان,,,
Golestan,node,7192581575,ابزار آلات دستی و صنعتی و ساختمانی و یراق چوب و mdf نادر,گرگان,,,
Golestan,node,7192630608,تاسیسات و نمایندگی پکیج بوتان و نیوپایپ قرایی,گرگان,,,
Golestan,node,7202784527,چاپ دیجیتال خورشید,"شهدا, گرگان",,,
Golestan,node,7205387369,تعمیرگاه و مکانیکی زحمتکشان,گرگان,,,
Golestan,node,7205562099,فرش فرهی,گرگان,+98 9111701702,,
Golestan,node,7205637213,فروشگاه مبل عمارت ساحل,گرگان,+98 930 321 66 86,,
Golestan,node,7205745757,قصر مبل گلستان آریا,گرگان,+98 173 2328180,,
Golestan,node,7218221079,فروشگاه مبلمان عمارت ساحل,گرگان,+98 911 177 85 15,,
Golestan,node,7221819200,فروشگاه نقره و بدلیجات لاکچری,گرگان,+98 911 271 18 98,,
Golestan,node,7221860016,فروشگاه نقره و بدلیجات ایده,گرگان,+98 911 730 75 20,,
Golestan,node,7221872455,فروشگاه پوشاک وکتال,گرگان,+98 173 232 88 53,,
Golestan,node,7234983052,شرکت حمل و نقل و باربری تدین بار گرگان,گرگان,+98 173 222 22 26,,
Golestan,node,7234995737,میوه سرای ارزانی آرسام,گرگان,+98 936 593 94 19,,
Golestan,node,7235041928,شرکت حمل و نقل و باربری شیرین بار گرگان,گرگان,+98 173 21 66 483,,
Golestan,node,7254673123,آرایشگاه و پیرایش نامبروان,گرگان,+98 911 900 52 62,,
Golestan,node,7254673546,آشپزخانه حامی,گرگان,+98 173 262 35 77,,
Golestan,node,7262716420,تجهیزات آشپزخانه دلدار,گرگان,+98 911 271 67 74,,
Golestan,node,7262741836,تعمیرات لوازم خانگی و فروش سید,گرگان,+98 919 237 70 86,,
Golestan,node,7540297853,کتاب و نوشت افزار مصطفی,"شهید علیمحمدی, گرگان, 4916833169",+98 17132138685,,
Golestan,node,7712988759,مرکز بینایی سنجی شهر عینک,گرگان,+98 017323 33100,,
Golestan,node,7712996506,مشاورین سنگ ظهیری,گرگان,+98 913423 3010,,
Golestan,node,7713034440,پوشاک نارنجی,گرگان,+98 911767 3848,,
Golestan,node,7713080829,بادکنک آرایی و تم تولد تولد,گرگان,+98 919962 0395,,
Golestan,node,7713109055,لوازم آرایشی و بهداشتی نرگس,گرگان,+98 935171 9503,,
Golestan,node,7713165894,لوازم آرایشی و بهداشتی یاکند,گرگان,+98 936440 4242,,
Golestan,node,7713203406,شیشه و آیینه هرندی,گرگان,+98 911371 5636,,
Golestan,node,7716099277,پوشاک الگانس,گرگان,+98 912171 7724,,
Golestan,node,7716123114,پوشاک دوک,گرگان,+98 912020 7995,,
Golestan,node,7716136815,عطر و ادکلن مجد,گرگان,+98 017322 20503,,
Golestan,node,7716155472,آشپزخانه مرکزی ستاره شهر,گرگان,+98 17322 24788,,
Golestan,node,7716190140,آبمیوه و بستنی دایی علی,گرگان,+98 911175 9786,,
Golestan,node,7716196789,دکوراسیون داخلی آراد طرح,گرگان,+98 911175 0430,,
Golestan,node,7716301985,لوازم آرایشی و بهداشتی رازی,گرگان,+98 17322 34922,,
Golestan,node,7716314947,عروسک فروشی و برند کیدزلند,گرگان,+98 939900 2919,,
Golestan,node,7716332809,تخم مرغ فروشی اباذری,گرگان,+98 911724 4131,,
Golestan,node,7716378790,فروش و تعمیرات تلفن نمایندگی پاناسونیک,گرگان,+98 911377 6775,,
Golestan,node,7719262375,عطاری رحیمی نمایندگی چای میوه ای ویتاسیب,گرگان,+98 911370 6030,,
Golestan,node,7719282875,کافی شاپ آندو (موسسه مشاوره راه سبز,گرگان,+98 938038 5866,,
Golestan,node,7719317888,فروشگاه ورزشی نود شفقتی,گرگان,+98 935783 3858,,
Golestan,node,7719354386,پروتئینی شوکا مرغ‌ ، ماهی و گوشت,گرگان,+98 17322 22602,,
Golestan,node,7719362319,تعمیرات عینک و عینک سازی الیاس,گرگان,+98 911796 5833,,
Golestan,node,7719413676,لوازم آرایشی و بهداشتی و رنگ موی ترکیبی,گرگان,+98 910164 3196,,
Golestan,node,7735681303,فروشگاه و تعمیرات دوچرخه سپهر,گرگان,,,
Golestan,node,7735854837,کرکره برقی و جک پارکینگ زاهدی,گرگان,+98 911177 1702,,
Golestan,node,7735874237,شرکت پروتئینی مظاهر گوشت (گلستان,گرگان,+98 17325 59901,,
Golestan,node,7735919756,مهر سازی گرگان (مرکز تخصصی مهر سازی وحید,گرگان,+98 17322 22261,,
Golestan,node,7735993022,تعمیرات لوازم خانگی پارس,گرگان,+98 911175 0710,,
Golestan,node,7736037945,تاسیسات خانه سبز,گرگان,+98 911963 3587,,
Golestan,node,7736042366,کاشی و روشویی و شیرآلات نقشینه,گرگان,+98 911797 0360,,
Golestan,node,7736068941,شرکت کارا مصالح ساختمانی گلستان,گرگان,+981732125929,,
Golestan,node,7736120249,دکوراسیون داخلی ونوس ( اجرا قرنیز و پارکت,گرگان,+98 911965 8226,,
Golestan,node,7736154472,بیمه دانا (نمایندگی مهندس بزی,Gorgan,+98 911880 0935,,
Golestan,node,7736197159,شرکت کارا مصالح ساختمانی گلستان,گرگان,,,
Golestan,node,7736276039,خانه سنگ آریا,گرگان,+98 911270 2337,,
Golestan,node,7748201219,ارزانسرای جاجرمی,گرگان,+98 938859 2828,,
Golestan,node,7748214100,نمایندگی سقف کاذب دیوارپوش و قرنیز اصفهان عاملیت قوطی و کناف کریمی برناپلاست,گرگان,+98 911371 4550,,
Golestan,node,7748928184,پروتیین پرولند,گرگان,+98 911387 7103,,
Golestan,node,7749769476,پروتئینی اشکان,گرگان,+98 901701 3100,,
Golestan,node,7749788501,کبابسرای عماد خیام,گرگان,+98 911636 0090,,
Golestan,node,7749892884,تاسیسات نادر خانی ( پکیچ ، اسپیلت ، تصفیه آب,گرگان,+98 911378 4808,,
Golestan,node,7749913964,کاشی و سرامیک میر صالحی,گرگان,+98 911867 2876,,
Golestan,node,7749924184,اتو گالری استقلال,گرگان,+98 911377 7251,,
Golestan,node,7749939767,آجر نما و نسوز گلستان,گرگان,+98 911369 3070,,
Golestan,node,7769145710,کبابسرای حسینی و پسران,گرگان,+98 173235 1384,,
Golestan,node,7769202612,پروتئینی لفور,گرگان,+98 937338 0048,,
Golestan,node,7769276976,سیستم صوتی ساترآپ سیستم,گرگان,+98 935634 8036,,
Golestan,node,7769287601,مرغ و پروتئین چاله باغ,گرگان,+98 911275 4126,,
Golestan,node,7769324826,فروشگاه پروتئینی آرشام,گرگان,+98 911485 7610,,
Golestan,node,7769344348,کلیدسازی محسن,گرگان,+98 912240 8705,,
Golestan,node,7769393482,آشپزخانه مرکزی سیمرغ طلایی,گرگان,+98 911450 3970,,
Golestan,node,7769425085,پروتئینی هرندی,گرگان,+98 911947 0741,,
Golestan,node,7769430574,لبنیات سپید,گرگان,+98 911275 3828,,
Golestan,node,7769457517,سیسمونی آروین,گرگان,+98 173223 2808,,
Golestan,node,7769500398,لبنیات زیارت ۲,گرگان,+98 911277 3798,,
Golestan,node,7769515497,آرایشی و بهداشتی صورتی,گرگان,+98 911727 2722,,
Golestan,node,7769516265,آرایشی و بهداشتی صورتی پلاس,گرگان,+98 935083 6272,,
Golestan,node,7769551077,فروش و تعمیر پرینتر و لپ تاپ زعفرانیه,گرگان,+98 911177 7625,,
Golestan,node,7769580965,تولیدی سیسمونی سلطان کوچولو,گرگان,+98 911724 2202,,
Golestan,node,7783166988,فروشگاه پروتئینی شمس گرگان,گرگان,,,
Golestan,node,7783226681,آرایشگاه کارنVIP,گرگان,+98 911980 8575,,
Golestan,node,7783239768,تزئینات اتومبیل بار کد اسپورت,گرگان,+98 930690 8845,,
Golestan,node,7783296287,تاسیسات روزمهر ( بوتان،انرژی،آکواجوی,گرگان,+98 173215 0610,,
Golestan,node,7783339717,تزئینات خودرو نوین سیستم,گرگان,+98 911273 2854,,
Golestan,node,7783396562,دیتیلینگ پارتیان (سرامیک بدنه،زیبایی،قلم گیری,گرگان,+98 911275 2540,,
Golestan,node,7783431521,مجتمع کاشی و سرامیک غریب,گرگان,+98 911421 6248,,
Golestan,node,7783462961,تجهیزات پزشکی آوا طب فعال,گرگان,+98 912068 9989,,
Golestan,node,7783518029,تابلو سازی فانوس,گرگان,+98 911375 8101,,
Golestan,node,7786139494,شیرینی سرای توسکا,گرگان,+98 173233 3993,,
Golestan,node,7786148473,مبلمان فروشی پارسیان,گرگان,+98 911938 8678,,
Golestan,node,7789576354,تولیدی و پخش مبلمان پارسیان,گرگان,,,
Golestan,node,7789705284,پوشاک بچه گانه پایو,گرگان,+98 173223 9175,,
Golestan,node,7789828441,گلکده سام (گل و گلدان),گرگان,+98 912915 1354,,
Golestan,node,7789995523,شهر فرش گرگان,گرگان,+98 173222 8282,,
Golestan,node,7790132397,چاپ شیبانی,گرگان,+98 173223 1815,,
Golestan,node,7790215004,مبلمان عمارت آهنگر پور,گرگان,+98 901555 4699,,
Golestan,node,7790232190,دکوراسیون داخلی برکه,گرگان,+98 912410 5673,,
Golestan,node,7790245842,آبمیوه و بستنی جلاتو (ایتالیایی,گرگان,+98 173255 5388,,
Golestan,node,7790292180,دکوراسیون داخلی دکوراست,گرگان,+98 911175 7109,,
Golestan,node,7794548296,شهر پارچه ایرانیان,گرگان,+98 173225 4712,,
Golestan,node,7794558514,سوغات سرای گیلانه,گرگان,+98 930592 0117,,
Golestan,node,7800083214,آقای مبل ۳,کردکوی,+98 173433 7752,,
Golestan,node,7805490792,فروشگاه لوازم موسیقی هزار گیسو,گرگان,+98 911277 9300,,
Golestan,node,7805512369,پوشاک ورزشی تک اسپرت,گرگان,+98 911171 9892,,
Golestan,node,7805543851,شیما گالری(مو،آرایش،اکستنشن مو,گرگان,+98 911378 7424,,
Golestan,node,7805563382,میوه سرای کافه میوه,گرگان,+98 911535 3043,,
Golestan,node,7828359339,کبابسرای عماد خیام,گرگان,+98 911636 0090,,
Golestan,node,7828437313,پوشاک الگانس,گرگان,+98 912171 7724,,
Golestan,node,7834105621,عطر و ادکلن مجد,گرگان,+98 017322 20503,,
Golestan,node,7834340724,مهر سازی گرگان (مرکز تخصصی مهر سازی وحید,گرگان,+98 17322 22261,,
Golestan,node,7836938477,فروشگاه پروتئینی اسدی,گرگان,+98 173242 8843,,
Golestan,node,7836946790,کارخانه قالی شویی سعید منش,گرگان,+98 173222 2988,,
Golestan,node,7841922594,آبمیوه و بستنی جلاتو (ایتالیایی,گرگان,+98 173255 5388,,
Golestan,node,7841964859,لوازم آرایشی و بهداشتی یاکند,گرگان,+98 936440 4242,,
Golestan,node,7841998038,فروش و تعمیرات تلفن نمایندگی پاناسونیک,گرگان,+98 911377 6775,,
Golestan,node,7842065247,فروشگاه لوازم خانگی معروف (نمایندگی برند دوو,گرگان,+98 911171 8397,,
Golestan,node,7842739347,فروش و تعمیر پرینتر و لپ تاپ زعفرانیه,گرگان,+98 911177 7625,,
Golestan,node,7847401003,تخم مرغ فروشی اباذری,گرگان,+98 911724 4131,,
Golestan,node,7848181575,مجتمع کاشی و سرامیک غریب,گرگان,+98 911421 6248,,
Golestan,node,7848566252,فروشگاه خیاطی ژانومه,گرگان,,,
Golestan,node,7848724399,کادویی لیندو,گرگان,,,
Golestan,node,7848744167,فروشگاه خانه نو,گرگان,+98 173217 5918,,
Golestan,node,7848756450,کانون تاسیسات گرگان(پکیچ ایران رادیاتور,گرگان,+98 173215 3974,,
Golestan,node,7907586611,سوپر میوه کابوسی,گرگان,+98 911371 3638,,
Golestan,node,7907776904,تزئینات اتومبیل اتو لوکس,گرگان,+98 911170 7324,,
Golestan,node,7936557294,مبلمان عمارت آهنگر پور,گرگان,+98 901555 4699,,
Golestan,node,7936808149,تاسیسات زینی مجنی(پکیچ بوتان,گرگان,+98 911378 2808,,
Golestan,node,7936838605,بازرگانی شهرام عطارها,گرگان,+98 911171 8774,,
Golestan,node,7944316507,تزئینات مکس اسپرت,گرگان,+98 912373 1668,,
Golestan,node,7949875647,موبایل نظری,گرگان,+98 911970 4420,,
Golestan,node,7958531997,کلان سنگ مرکزی,گرگان,+98 911275 2180,,
Golestan,node,7958714094,پوشاک زنانه سارای,گرگان,+98 911516 2315,,
Golestan,node,7958746397,کلان سنگ (VIP),گرگان,+98 173215 1624,,
Golestan,node,8000578203,چاپ ترمه,"۶ لاله, 6/8, گرگان",+981732333448,termehprinting.gorgan@gmail.com,http://termeh-printing.blogfa.com/
Golestan,node,8032633116,شهر عینک گرگان,گرگان,+98 912066 0173,,
Golestan,node,8040572418,سوپر مارکت شهدا,گرگان,+98 938700 7184,,
Golestan,node,8041824820,فرآوردهای گوشتی ساویس,گرگان,,,
Golestan,node,8041886090,موبایل نظری,گرگان,+98 911970 4420,,
Golestan,node,8068534394,بانک پارچه,گرگان,+98 911280 6567,,
Golestan,node,8078739952,دِ لِ ثِ,,,,
Golestan,node,8083581828,شیرینی سرای نوتلا گرگان,گرگان,+98 911824 0081,,
Golestan,node,8083655743,مشاورین املاک کیان (امیرخانی),گرگان,+98 0173233 2607,,
Golestan,node,8251722157,نيك پروتئين,"گلشهر شمالی, gorgan",,,
Golestan,node,8263266162,کافه مروه ( قهوه فروشی),گرگان,+98 901288 5090,,
Golestan,node,8410181593,طلایی,,,,
Golestan,node,8446850853,مشاور املاک محک,گرگان,+98 911700 8783,,
Golestan,node,8446896847,صافکاری و مرکز لمس جادویی (گرگان,گرگان,+98 911377 7187,,
Golestan,node,8460847415,پار چه سرای الیشا,,,,
Golestan,node,8460847416,ارزانکده آنتیک,,,,
Golestan,node,8460854917,بزرگترین بازار پارچه گلستان روستای پنج پیکر,,,,
Golestan,node,8467282772,سوپر مارکت پردل,گرگان,+98 921671 0174,,
Golestan,node,8495836731,فروشگاه خانعلی,گرگان,+98 9119006606,,
Golestan,node,8515228465,گالری رز پلاست (پلاسکو‌ ، دکوری),گرگان,+98 911869 5046,,
Golestan,node,8589893714,فروشگاه اینفینیتی,"۶۸ عدالت, گرگان",+9817 3234 5363,,
Golestan,node,8624546386,تولیدی بازرگانی نامدار,گرگان,+98 173244 0660,,
Golestan,node,8624696028,پروتئینی بوفالو گرگان,شهر گرگان,+98 937104 3608,,
Golestan,node,8670898084,فرش دستباف ترکمن تک گل,آق قلا,+98 911373 2137,,
Golestan,node,8703953255,تعویض روغن مدرن گرگان,شهر گرگان,+98 911769 8112,,
Golestan,node,8704085441,پروتئینی بوفالو گرگان,شهر گرگان,+98 937104 3608,,
Golestan,node,8711326088,کافه قهوه شکلاتی,شهر جلین,+98 921171 4775,,
Golestan,node,8733708977,شرکت کمپرسی داران مهدوی زاده,شهر گرگان,+98 173213 6700,,
Golestan,node,8733807520,صافکاری و مرکز لمس جادویی رضا,شهر گرگان,+98 911701 6138,,
Golestan,node,8733856485,شرکت طیوران ابزار شعبه شمال کشور,گرگان,+98 911371 4000,,
Golestan,node,8738423391,لبنیات محلی کوهستان,گرگان,+98 911794 5017,,
Golestan,node,8738456167,عطاری زکریا,گرگان,+98 937295 8751,,
Golestan,node,8749816010,هنرکده سنگ و CNC پترا,شهر گرگان,+98 9120911 789,,
Golestan,node,8755618649,صافکاری و مرکز لمس جادویی مرگدری نژاد,گرگان,+98 911177 6529,,
Golestan,node,8757518723,اتو گالری متین گرگان,گرگان,+98 911269 9929,,
Golestan,node,8767012249,زیبایی خودرو گرگان,گرگان,+98 911422 6124,,
Golestan,node,8767145891,صافکاری و مرکز لمس جادویی mtc,شهر گرگان,+98 911536 2715,,
Golestan,node,8778376104,تزئینات ساختمانی پوشش بام گلستان,گرگان,+98 911730 6532,,
Golestan,node,8778439126,کلینیک تخصصی ستاره شهر صافکاری و نقاشی,شهر گرگان,+98 911797 0060,,
Golestan,node,8790422032,کلینیک بتن و ساختمانی اکاتی,گرگان,+98 911377 9752,,
Golestan,node,8806528933,گالری پاساژ,"پنج اذر, پاساژ گلستان, گرگان",+98 936 062 2031,,https://pasazhonline.com
Golestan,node,8846882643,کافه مراکی,"کوچه چهارم زیبا, gorgan",+989911320626,,
Golestan,node,8852488345,فروشگاه نقره و بدلیجات لاکچری,گرگان,+98 911 271 18 98,,
Golestan,node,8857983356,نمایندگی گچ برگ باتیس فروش و اجرا کناف، دیوارپوش ،سقف کاذب، قرنیز صادقی نژاد,گرگان,+98 911 269  3075,,
Golestan,node,8858106402,تولیدی مبل چیمر,شهرک صنعتی آق قلا,+98 911371 7981,,
Golestan,node,8866483840,صافکاری خانی,شهر گرگان,+989115332569,,
Golestan,node,8893322310,فروشگاه نقره و بدلیجات لاکچری,گرگان,+98 911 271 18 98,,
Golestan,node,8913275157,کاشی و سرامیک اسکان شمال,شهر گرگان,+98 9113712228,,
Golestan,node,8971349105,شرکت ساتین پرداز مهان,"خیابان ولیعصر روبروی عدالت 9, گرگان, 4916653587",+98 17 3235 5489,thesmpco@gmail.com,https://the-smp.com/
Golestan,node,9074401189,فروشگاه پوشاک 222,"ولیعصر, 2&4, گرگان, 009817",+989928127901,,
Golestan,node,9150691828,صافکاری روحانی,,,,
Golestan,node,9169223132,گالری ساعت گل,,,,
Golestan,node,9228746465,موبایل تیک تاک,"نبش سرخواجه 6, گرگان",+98 912 091 1534;01732240068;01732340005,,https://mobiletiktak.com
Golestan,node,9229270843,سالن زیبایی طاهره,"عدالت هجدهم, ساختمان فردیس, گرگان, 4916631963",+981732226516,,https://instagram.com/tahereh_porkhanali
Golestan,node,9268835243,مهر و تابلوسازی میرصالحی,,+98 17 3222 5241,,
Golestan,node,9288580917,چشم انداز ,,,,
Golestan,node,9353420594,سالن زیبایی شیوا,,,,
Golestan,node,9494436897,تایپ وتکثیر میثاق,"۱۳ جمهوری, 13, گرگان",+9809115250855,husein.k71@gmail.com,
Golestan,node,9560619368,عروسک فروشی و برند کیدزلند,,,,
Golestan,node,9660809608,کالای خواب کارنو,گرگان,,,
Golestan,node,9660842694,سیتی اسپرت گرگان,گرگان,,,
Golestan,node,9660847664,تجهیزات ساختمانی ملاکریمی(ایلیااستیل،البرز),گرگان,,,
Golestan,node,9669582061,پاساژ مسلمی,,,,
Golestan,node,9669582062,پاساژ جمهوری,,,,
Golestan,node,9669582063,پاساژ افضلی,,,,
Golestan,node,9685584387,تولیدی سیسمونی سلطان کوچولو,,,,
Golestan,node,9758712205,کبابسرای جهان نما,"مطهری جنوبی, گرگان",+981732128762,,
Golestan,node,9796431429,,,,,
Golestan,node,9796431430,,,,,
Golestan,node,9884267498,فروشگاه آی بولک,,,,
Golestan,node,9941716814,مجموعه گلخانه های آیریس,,,,
Golestan,node,9974891224,کافه دارک,"سبزه مشهد ۲, 1, گرگان",+98 921 672 0942,,https://www.instagram.com/cafe.dark
Golestan,node,9988382283,شرکت آسان پرداخت سامان کارتخوان سیار اقساطی,,,,
Golestan,node,10091446697,کافه درووا,,,,
Golestan,node,10110771644,بینایی سنجی و عینک الماس,,,,
Golestan,node,10180607184,Meshkat Collection,"کوچه چهاردهم, Gorgan",+98 903 496 5814,,https://meshkat-collection.ir/
Golestan,node,10285801102,گالری پنبه,گرگان - میدان سرخواجه - پاساژ ثامن - پ9,+989355064837,,
Golestan,node,10310581401,سالن زیبایی خانم گل,"عدالت 51 اولین فرعی سمت چپ, 51, گرگان",+989112772733,,
Golestan,node,10310823132,محصولات گیاهی شهرزاد,"گلها, بین گلبرگ 4 و 6, گرگان",+989116858681,,
Golestan,node,10311530805,پاساژ صدرا,,,,
Golestan,node,10314219125,فروشگاه ادریسی,,+98 17 3253 0208,,
Golestan,node,10537871451,کتونی ال ای,,,,
Golestan,node,10562378260,پوشاک پونو,,+98 17 3253 0208,,
Golestan,node,10562754415,آهن آلات مهرشاد قادری ( پارس فلز ),,+98 17 32688765,,
Golestan,node,10573994580,قهوه دایان,"میدان باهنر, شهر گرگان",+98 935 885 3862,,
Golestan,node,10596334001,تعمیرات تلویزیون مهندس قره خانی,بلوار خلیج گرگان,+98 911 270 0309,,
Golestan,node,10718192630,امیران مارکت,"بهشت ۹ ( آموزشگاه جنگل), گرگان",+98 17 3893,,amiran3893com
Golestan,node,10719498177,کافه آدلی,باهنر,+98 17 3453 6915,,
Golestan,node,10727762175,کافه ویولت,"عدالت بیست و هشت, گرگان",+98 17 3235 2020,,
Golestan,node,10765273733,کافه بستنی آیس پرسو,,,,
Golestan,node,10769742991,فروشگاه مهرداد,"عدالت یازدهم, گرگان",+981732228787,,https://brandmehrdad.com/
Golestan,node,10790144484,مرکز تخصصی شنوایی و سمعک مهر,,,,
Golestan,node,10797204514,پروتئین پلاس شهریار,,,,
Golestan,node,10858120146,نمایندگی پارس شعاع توس,,,,
Golestan,node,10887490189,دیزی سرای عمو حسن,,,,
Golestan,node,10973218286,دکترقهوه گرگان,,,,
Golestan,node,11037713201,گالری گل پیام,"دخانیات, گرگان",01732523140,,
Golestan,node,11052163605,نمایشگاه و فروشگاه اتومبیل اکبری,,,,
Golestan,node,11053487411,اتو سون,,+98 17 3215 0552; +98 911 771 3872; +98 903 547 6993,,
Golestan,node,11061945909,کادویی گلچین,"بازار چهل ویک, 33, شهر آق قلا, 4931933333",01734524741,,
Golestan,node,11097482183,گالری فرش فیروزه,"۳ مطهری جنوبی, گرگان",+989112756443,,
Golestan,node,11099312458,فروشگاه روغن بِنِدیتو,,,,
Golestan,node,11101614257,آموزشگاه مراقبت و زيبايي صدريه رضايي,,,,
Golestan,node,11107722783,پیش دبستان و دبستان غیر دولتی هوشمند پسرانه نور دانش,گرگان,+9801732323345,,
Golestan,node,11145625831,شرکت یکتا بافت هیرکان گلستان,شهرک صنعتی پنج پیکر,+981734408690,,
Golestan,node,11202409891,فروشگاه ژاپن یدک,,,,
Golestan,node,11288784320,بیوتی بهنام,,+98 901 348 7037,,
Golestan,node,11289873094,کافه ارکیده,,,,
Golestan,node,11302391278,کاشی و سرامیک نمونه,"چهارراه فلسفی،نبش ایران مهر, گرگان",+98911 1716378,,
Golestan,node,11359718115,کالای برق نصر الکتریک (فروشگاه نصراله زاده),"4917736588, گرگان, 4917736588",0981732321916,nasr.electric.store@gmail.com,https://nasr-electric.com
Golestan,node,11380847899,فروشگاه تاسیسات رحمان ویزواری,,,,
Golestan,node,11382580208,پرده آماده گرگان,,,,
Golestan,node,11405424284,لوازم یدکی اتوبوس گرگان اسکانيا,,,,
Golestan,node,11405716935,گالری وندای,"۱۴ گلشهر, 1, گرگان",+981732520951,,
Golestan,node,11409512919,تعمیرگاه و لوازم یدکی دکتر خودرو,جرجان,09119641688,,emdadkhodrodarvishi@gmail.com
Golestan,node,11466379957,آبمیوه بستنی انرژی پلاس,۱۳ جمهوری,09114494200,,
Golestan,node,11500056824,باغ رستوران کاویچ,"بلوار ناهارخوران, گرگان",09905772955,,
Golestan,node,11502627360,صالح,,,,
Golestan,node,11502668682,غفور,,,,
Golestan,node,11502674470,نانوایی,,,,
Golestan,node,11502752434,,,,,
Golestan,node,11502772668,,,,,
Golestan,node,11502779434,,,,,
Golestan,node,11502780202,,,,,
Golestan,node,11502784969,,,,,
Golestan,node,11502785042,,,,,
Golestan,node,11502790186,,,,,
Golestan,node,11524259590,موبایل شهریور,"عدالت ششم, 14, گرگان, 4916653622",+989304967820,,
Golestan,node,11533234840,مبلمان کاژو ۳,,,,
Golestan,node,11534778281,تنظیم موتور حامد فکور,"۸ میلاد غربی, 1, گرگان, 4915764974",+989359114790,,
Golestan,node,11545494552,کتابفروشی فرهنگ,,,,
Golestan,node,11559968577,پوشاک نارنجی گرگان,,,,
Golestan,node,11583742425,هوموکو دماوندی,"۲ شریعتی, گرگان, 113",+9899113735274,,
Golestan,node,11593991037,فروشگاه اینترنتی خیام‌شاپ,سی متری رسالت,,,https://khayam.shop
Golestan,node,11645494194,فروشگاه لوازم یدکی کامیون و کامیونت شعبه ۱ محیطی,,,,
Golestan,node,11662833287,خدمات برق و انژکتور خودرو جهانی,"بلوار صیاد شیرازی, گرگان",+98 938 743 7701,,
Golestan,node,11687628428,Extra Mod | اکسترا مد,,,,
Golestan,node,11687643563,نیک پروتئین,Golshahr SHomali,01732175846,,
Golestan,node,11715657404,موبایل دیاکوتک,"بلوار گلشهر, گلشهر 12, گرگان",+98 911 503 2100,,
Golestan,node,11715695341,فروشگاه سوسیس دست ساز ساور فود,"بلوار مدرس, گرگان",09112700329,,
Golestan,node,11722402711,رستوران قورمه دایی برار,"بلوار کاشانی, Gorgan",09113713821,,
Golestan,node,11723686646,خرازی فاطیما,,,,
Golestan,node,11723795713,بوتیک گالری دکجان,"لاله ۱۶, گرگان",,,https://www.instagram.com/dokjaan_boutique?igsh=ZjM0amlzemIyaTFi
Golestan,node,11773442227,تالار ونوس,,,,
Golestan,node,11804354469,پوشاک اردیبهشت (Ordibehest Clothing),"انقلاب, روبروی انقلاب 27, گرگان",+9809015848510,,
Golestan,node,11826919533,فروشگاه موبایل و لوازم جانبی سیوان,"Edalat, 16",+981732222444,,
Golestan,node,11868548712,هایپر مارکت طاها,,,,
Golestan,node,11925081403,اتصالات گازسوز.gaz_Shanti,"۷ انقلاب, گرگان",0935950982,,https://www.instagram.com/gaz_shanti?igsh=MTljdnd1YWRvaDY2Zw==
Golestan,node,11939475868,کافه باغ فدک,,,,
Golestan,node,11985501856,نمایندگی تشک رویال (رضا تازیکه),"بلوار کاشانی, گرگان",09112682448,,
Golestan,node,11991394179,باریال,"عدالت ۴۹, گرگان",09939716071,,
Golestan,node,12029502183,سرزمین اسباب بازی,,,,
Golestan,node,12037040894,فروشگاه اپل باز,,09113801061,,
Golestan,node,12059165327,دامون پوز,گرگان,,,
Golestan,node,12085283030,فروشگاه خانه رویایی گلستان,,,,
Golestan,node,12107772374,اجیل حاج رضا,"گرگان جدید ۹, گرگان",+98 9357404771,,https://instagram.com/ajilhajreza
Golestan,node,12115407922,تهیه غذای عمو حسن,"بلوار نیایش, شهر گرگان",,,
Golestan,node,12122886392,کافه نجوا,"پارک, گرگان",,,
Golestan,node,12129218638,Gadget inja,"دانش ۱, کردکوی",,,https://www.instagram.com/gadget.inja/
Golestan,node,12141815674,کویر موتور,,01732220704,,
Golestan,node,12143796681,شهرصندل,"عدالت چهاردهم, گرگان",01732365436,,
Golestan,node,12161622054,سوپرمارکت مهدی,"شهرک جامی, گرگان",۰۹۳۶۳۴۴۶۴۹۸,,
Golestan,node,12161700390,فروشگاه پوشاک بانوان ماهدخت,"بین عدالت 5 و 7, گرگان",+989331700457,,
Golestan,node,12165055298,صوفی,,,,
Golestan,node,12166892319,کیک و شیرینی جات شرکت پسندیس,,09115343627,,
Golestan,node,12179301605,پخش دخانیات گلستان,"بلوار غدیر, شهر گرگان",09011705455,,
Golestan,node,12179820265,کافه فرداد کاخ زیبا (بوتیک گالری دکجان),,,,
Golestan,node,12210469423,آکادمی آپامه,,09351201354,,
Golestan,node,12217477766,مرکز خدمات پس از فروش و تعمیرگاه فردا موتور گرگان fmc service,,,,
Golestan,node,12254929161,فروشگاه ایمن پایا,"مطهری جنوبی ۹, گرگان",09117704586,,
Golestan,node,12314304095,کافه توپال (نگارخانه),,09391657498,,
Golestan,node,12327118298,نمایندگی ۵۹۰۱ تیگارد موتور-امین زاده,"جرجان, شهر گرگان",۰۹۹۱۰۸۲۶۴۸۱,,
Golestan,node,12336477074,مبلمان پاموک,"گنبد کاووس - آق قلا, قانقرمه",۰۹۱۱۳۷۸۴۸۶۹,,
Golestan,node,12368455727,گالری فرنیو,"عدالت ۵, گرگان",+989117257090,,https://farnivgallery.ir
Golestan,node,12372854839,کافه رستوران مایا,,,,
Golestan,node,12373611390,پخش لباس زیر یسنا,"پاساژ شیرنگی, گرگان",۰۹۳۵۱۷۱۱۴۸۶,,
Golestan,node,12411803333,فروشگاه پروتئینی صوفی,"انقلاب, گرگان",09112777236,,
Golestan,node,12442674561,سوپرمارکت,نبش چهارراه ۲۲ بهمن,,,
Golestan,node,12444179920,نانوایی آزاد,,,,
Golestan,node,12452510736,فروشگاه موبایل کیاتل,,,,
Golestan,node,12452829182,موبایل مدیا,"سرخواجه 12, 133, گرگان, 4917673496",+989120824792,mgarosi78@gmail.com,
Golestan,node,12462631607,فروشگاه ناخن الیکا,,09113700747,,
Golestan,node,12465172623,فست فود ایستگاه سوخاری,گرگان,,,
Golestan,node,12466762698,ارزانسرای شریفی,"انقلاب, گرگان",09152601439,,
Golestan,node,12479855121,مزون همتا,,,,
Golestan,node,12503693433,پیشگام آسانبر گلستان,"۳ گلبهار, گرگان",09111719440,,
Golestan,node,12513995197,تجهیزات نظامی و کوهنوردی ایرانیان,"شهید رجایی, گرگان",01732227735,,
Golestan,node,12526680105,دژ مارکت,"دژ یازدهم, آق قلا",,,
Golestan,node,12539241136,لوازم خانگی نورجان حاجی الهی,,,,
Golestan,node,12539294852,شیرینی فروشی بادام,,,,
Golestan,node,12539374810,پتوی گلبافت,,,,
Golestan,node,12568201251,آکادمی تخصصی مژه فاطمه کریمی,,0۹۳۷۳۲۵۵۳۸۵,,
Golestan,node,12592508227,تنظیم موتور و تیونینگ لوتوس,,,,
Golestan,node,12632558239,اتو دیتیلینگ باعثی,"جرجان, گرگان",۰۹۱۲۰۹۱۱۹۶۳,,
Golestan,node,12633116715,تعمیرگاه موسی صفرنژاد,"۱۸ جرجان, گرگان",09119691224,,
Golestan,node,12643894189,پوشاک بابانوئل,,09117252529,,
Golestan,node,12666391485,کافه رستوران گندم,,09355609500,,
Golestan,node,12733983781,كافه قنادي اكلر,,09112685881,,
Golestan,node,12761683001,کافه نان دوست خوب ۳ دهقان,چناران ۷۲,,,
Golestan,node,12770551153,نمایشگاه اتومبیل شایان,,09111712791,,
Golestan,node,12771913437,طباخی ۲۴ساعته توسکا,,09112808059,,
Golestan,node,12777938444,گالری لوکس لایت,,,,
Golestan,node,12778664309,گل فروشی افشین,گرگان,+989117008601,,
Golestan,node,12783352680,فروشگاه بروز موبایل,"سرخواجه, گرگان",09113707322,,
Golestan,node,12785542626,قطب قهوه شمال,"کنارگذر کلانتری, 12, شهر گرگان",+989013704772,,
Golestan,node,12797445713,سالن زیبایی ارغوان مرکز تخصصی فر دائم مو گرگان,"عدالت هشتم, گرگان",09114945054,,
Golestan,node,12846530854,کافه و خونه باغ سینا,۵ شهید صفری,09339255249,,
Golestan,node,12985357517,مشکات کالکشن,"سرخواجه, گرگان",+989034965814,,
Golestan,node,12987272179,قفسه ورگال ارسام ارشام,,,,
Golestan,node,13016755800,مصالح ساختمانی نبی زاده,"بلوار صیاد شیرازی, گرگان",+981732438907,,
Golestan,node,13020244929,Taak Taxi Service,,+98173140,,
Golestan,node,13027964201,سوپرمارکت حسن دایی,"گرگان - سعدآباد, سعدآباد",09119005255,,
Golestan,node,13033696754,مُدلایت (پوشاک),,09354513228,,
Golestan,node,13052013105,چوب طهران,,,,
Golestan,node,13063328616,آکادمی آپامه,,۰۹۱۱۳۸۸۰۶۶۴,,
Golestan,node,13069623593,کادویی عمران,"ازادی, 13, روستای ارخ بزرگ, 4899134195",+989117503511,,
Golestan,node,13075775593,دهکده سوخاری,"میرزا کوچک خان, کرد کوی",۰۱۷۳۴۳۲۵۰۲۵,,
Golestan,node,13092231183,پیچ و مهره و ابزارآلات پارس,"جرجان, گرگان, 4915764968",+989111752312,,
Golestan,node,13099854790,کاشی و سرامیک گلها,"انتهای بلوار امام شمالی  ۱۰۰ متر بیرون شهر نرسیده به کمربندی دست چپ, 1, شهر آق قلا, 4931983676",+98 911 175 3571,,
Golestan,node,13112539005,مجموعه پوشاک سجاد کمرون,,,,
Golestan,way,310475406,وارکانا,,,,
Golestan,way,378868825,مجتمع فرهنگی تجاری کاپری,,,,
Golestan,way,383756094,ایرانخودرو طالبی,,,,
Golestan,way,396326113,فیما,,,,
Golestan,way,440402407,رستوران المان,,,,
Golestan,way,442826407,تالار پذیرایی لاله,,,,
Golestan,way,442912695,رستوران سنتی عمارت,,,,
Golestan,way,465372724,پاساژ اسماعیلی,بیت المقدس,,,
Golestan,way,467731224,رستوران آویشن,,,,
Golestan,way,467738633,مال بازار,,,,
Golestan,way,534597294,هایپر مارکت اسکای مون,"آق قلا - گرگان, گرگان",,,
Golestan,way,541485049,اروس مارکت,"جنب عدالت ۹۷/۱, گرگان",+9801732526242,,https://erosco.ir
Golestan,way,664631062,,,,,
Golestan,way,664631064,,,,,
Golestan,way,664631066,,,,,
Golestan,way,664631068,,,,,
Golestan,way,664631070,,,,,
Golestan,way,664631072,,,,,
Golestan,way,664631074,,,,,
Golestan,way,664631077,,,,,
Golestan,way,664631079,,,,,
Golestan,way,664631081,,,,,
Golestan,way,673122334,مرکز خرید هیرکان,Gorgan,+989108300050,,
Golestan,way,677011246,عمارت صفا,,,,
Golestan,way,677011247,کافه مجنون,,,,
Golestan,way,677011248,مجموعه پذیرایی باباطاهر,,,,
Golestan,way,697526485,فروشگاه دولتخواه,"امام خمینی جنوبی, آق قلا",,,
Golestan,way,980996878,,,,,
Golestan,way,1169548410,پاساژ گرگان,,,,
Golestan,way,1193495678,فروشگاه لوازم آرایشی و بهداشتی امیر بیوتی,"گلشن ۱۴, گرگان",09363152002,amirtashakkory@gmail.com,https://beautyamir.ir/
Golestan,way,1260485031,مجتمع تجاری مروارید,,,,
Golestan,way,1260526672,مرکز خرید رویال,,,,
Golestan,way,1260538547,مجتمع تجاری زرتشت,نبش عدالت ۶۵,,,
Golestan,node,4409419569,شرکت تعاونی روستایی,,,,
Golestan,node,4541769993,نانوایی,,,,
Golestan,node,4804733816,نانوایی عباس عامو,,,,
Golestan,node,5103738883,,,,,
Golestan,node,5716424121,باغ فاطی‌شون,,,,
Golestan,node,6694114986,اتو سرویس تکتاز - رضا کمشی کمر,فردوس ۱۸,+98 17 3623 1731,,
Golestan,node,6697693685,اسلو فود,,,,
Golestan,node,7748183058,پارچه مبلی عمارت,آق قلا,+98 901900 2417,,
Golestan,node,7748202715,لوازم خانگی و فرش فروشی جهانتیغ,فاضل آباد,+98 911270 2635,,
Golestan,node,7748213706,نمایشگاه مبل طلا,عطا آباد,+98 935118 5265,,
Golestan,node,7749822157,مبل بل لونا,عطا آباد,+98 911280 4923,,
Golestan,node,7749926851,تولیدی صنایع چوبی سلدا,عطا آباد,+98 911369 2293,,
Golestan,node,7749931095,صنایع چوبی یلقی,عطا آباد,+98 935925 7994,,
Golestan,node,7749970438,مصنوعات چوبی سفیر,عطا آباد,+98 911278 8272,,
Golestan,node,7814496311,,,,,
Golestan,node,7814530382,شالیکوبی ممتاز جرجانی,,,,
Golestan,node,8733346609,کارگاه تیرچه و یونولیت عباسی,گرگان,+98 911969 7665,,
Golestan,node,8733376970,تعمیرگاه و مکانیکی و جلوبندی رضا,گرگان,+98 911970 3373,,
Golestan,node,8733710329,کارگاه جوشکاری قلیچی,فاضل آباد,+98 911524 9767,,
Golestan,node,8813901015,تراکتور ، کمباین ، ادوات برادران ایمانی,علی آباد کتول,+98 173422 6143,,
Golestan,node,11128992270,فروشگاه خانه کشاورز برزمینی,,09112684548,,
Golestan,node,11757379296,شرکت مبلمان ایران دکور,,۰۹۰۳۱۰۳۰۶۶۷,,
Golestan,node,11861988772,عصر الکترونیک,,,,
Golestan,node,11885841696,فروشگاه ترشیجات ترش و ملس,"بلوار امام رضا, علی آبادکتول",09305291679,,
Golestan,node,12165009530,کلینیک تخصصی ماساژ آرامش,"۴ شفق, شهر علی آباد کتول",09119678676,,
Golestan,node,12217917948,سالن تخصصی ناخن لیلی نورمحمدی,"۲ ولایت, فاضل آباد",09114184587,,
Golestan,node,12484253199,سیری بار,"۱۹ آفتاب, علی آباد کتول",09396235891,,
Golestan,node,12488003639,صنعت ساختمان کیهان,"مزرعه بهشتی, علی آباد کتول",09362040373,,
Golestan,node,12571690455,لوازم خانگی غلامی,,,,
Golestan,node,12996732649,فروشگاه چینو,,+989372990162,,
Golestan,node,13001163593,پارچه مبلی ایلچی,"عطاآباد - گوزان فارس - نوده ملک, آق قلا, 4938139452",00989113739645,,
Golestan,way,428066508,نمایندگی ایران خودرو نمایندگی ۳۲۰۴,,,,
Golestan,way,428066509,نمایندگی ساپا,,,,
Golestan,way,428066510,مبل رضایی,,,,
Golestan,way,428066511,,,,,
Golestan,way,428066514,نانوایی زیرزمینی,,,,
Golestan,way,428066515,نانوایی خارکلا,,,,
Golestan,way,428066517,نانوایی,,,,
Golestan,way,428069988,فروشگاه لوازم الکترونیکی,,,,
Golestan,way,428069989,سلمانی,,,,
Golestan,way,428069990,,,,,
Golestan,way,428069991,سلمانی فروزان,,,,
Golestan,way,428069992,مبایل مهدیار,,,,
Golestan,way,428069993,,,,,
Golestan,way,428069994,فروشگاه تایر,,,,
Golestan,way,428073979,موبایل همراه آخر,,,,
Golestan,way,428073980,سوپرمارکت آیت,,,,
Golestan,way,428073981,,,,,
Golestan,way,428073984,اسباب بازی فروشی نیما,,,,
Golestan,way,428290088,Supermarket,,,,
Golestan,way,428290089,قصابی,,,,
Golestan,way,428290090,نان لواش,,,,
Golestan,way,428290091,نانوایی,,,,
Golestan,way,428290092,نانوایی,,,,
Golestan,way,428290093,نانوایی,,,,
Golestan,way,428290094,نان لواش,,,,
Golestan,way,428290095,نانوایی,,,,
Golestan,way,507837051,,,,,
Golestan,way,507837052,,,,,
Golestan,way,507837053,,,,,
Golestan,way,507837054,,,,,
Golestan,way,687821677,رستوران ناردون,,,,
Golestan,way,721132124,تالار نقش جهان,,,,
Golestan,node,3500811205,,,,,
Golestan,node,3500811216,نانوایی,,,,
Golestan,node,6665825911,,,,,
Golestan,node,6666772385,,,,,
Golestan,node,9353666698,اطلس گل,,,,
Golestan,node,9369442908,مرکز مخابرات,,,,
Golestan,node,9370020477,گلدونه,,,,
Golestan,node,9370346680,فروشگاه ثمین,,,,
Golestan,node,9370346682,فروشگاه صدف,,,,
Golestan,node,9370633618,سوپر مارکت جعفری,,,,
Golestan,node,9370633619,فروشگاه منصوری,,,,
Golestan,node,9370633621,مغازه جلالی,,,,
Golestan,node,9370633626,بازارچه شهرداری,,,,
Golestan,node,9372293696,فروشگاه باغبان,,,,
Golestan,node,9372492400,رستوران,,,,
Golestan,node,12739087778,کبابی سید عباس,بلوار دانشجو,01735886553,,
Golestan,node,5272740137,هایپر مارکت یوما,,,,
Golestan,node,5272740138,هایپر مارکت صابری,,,,
Golestan,node,5272740139,هایپر مارکت نجاری,,,,
Golestan,node,5272740140,هایپر مارکت یوما ۱,,,,
Golestan,node,5274173948,,,,,
Golestan,node,9183736661,سایپا,,,,
Golestan,node,12954601951,فروشگاه لوازم خانگی یعقوبی,"خیابان شهید ناطق, گرمه, 9431614631",+989150847805,,
Golestan,way,560466511,,,,,
Golestan,node,5313768679,سوپر مارکت دانه,,,,
Golestan,node,5313769235,عمده فروشی دانه,,,,
Golestan,node,5318150802,شیرینی سرای کندو,,,,
Golestan,node,5318150803,شیرینی سرای بهار,,,,
Golestan,node,5318150804,شیرینی سرای مادر,,,,
Golestan,node,6456248878,لوازم خانگی باسط,"خیابان انقلاب, 09111702127, کوچک استاجیق",,,
Golestan,node,6456259052,فروشگاه بهروز,"خیابان انقلاب, 09112717148, کوچک استاجیق",,,
Golestan,node,6456259501,فروشگاه باسط,"خیابان انقلاب, 09111702127, کوچک استاجیق",,,
Golestan,node,6456266570,تعمییر گاه و آپاراتی,"خیابان انقلاب, کوچک استاجیق",,,
Golestan,node,6456278869,نانوایی روستا,"خیابان انقلاب, کوچک استاجیق",,,
Golestan,node,6456282782,نانوایی روستا,"ولی عصر, کوچک استاجیق",,,
Golestan,node,6459344414,ابزار آلات رادش,"سلمان فارسی, 01734202000, کوچک استاجیق",,,
Golestan,node,6459344415,فروشگاه عزیز الله,"امام رضا, 09365284220, کوچک استاجیق",,,
Golestan,node,6461554593,نانوایی واحد,"خیابان وحدت, کوچک استاجیق",,,
Golestan,node,6461728496,فروشگاه,"بلال, کوچک استاجیق",,,
Golestan,node,6461728497,فروشگاه,"انقلاب, کوچک استاجیق",,,
Golestan,node,6461728498,فروشگاه آخنی,"خیابان بسطام, 01734202392, کوچک استاجیق, 4948144984",,,
Golestan,node,6461736505,فروشگله محصولات کشاورزی,"انقلاب, کوچک استاجیق",,,
Golestan,node,6461737163,آپاراتی و تعمییر گاه,"انقلاب, کوچک استاجیق",,,
Golestan,node,6461750770,مصالح ساختمانی,"شهید عبدالحکیم اشترگ, 01734202274, کوچک استاجیق",,,
Golestan,node,6570242588,کارگاه دوغ شتر میرزاعلی,کمینه,,,
Golestan,node,7775121712,تولیدی مبل و مبلمان صدف,چن سولی,+98 911273 9362,,
Golestan,node,8087497875,موبایل فروشی متین,"خیابان بسطام, کوچک استاجیق",09117518226,,
Golestan,way,688477005,فروشگاه ملا,"خیابان انقلاب, 01734202250, کوچک استاجیق",,,
Golestan,way,688879867,مصالح ساختمانی,"انقلاب, 09112710451, کوچک استاجیق",,,
Golestan,node,3652409542,رستوران فردوسی,"بلوار صیاد شیرازی, گنبد کاووس",+98 911 376 8429,,
Golestan,node,4261756468,پاساژ طباطبائی,"بلوار امام خمینی, گنبد کاووس",,,
Golestan,node,4799755521,عصرونه,خیام شمالی,+989119974581,,
Golestan,node,4823560722,سالن زیبایی فائزه طالبی,هلال احمر,,,
Golestan,node,4823572621,کیک و دسر کارامل,آرش شرقی,,,
Golestan,node,4823572622,کافه رستوران سرآشپز,بلوار امام خمینی,,,
Golestan,node,4839330815,,,,,
Golestan,node,4971252079,ایران خودرو,کمربندی آزادشهر,,,
Golestan,node,5046774522,,,,,
Golestan,node,5201007868,ارزانسرای موادغذایی ارین,,,,
Golestan,node,5230958861,پارچه سرا,,,,
Golestan,node,5270808947,فروشگاه اصغریان,,+۹۸ ۹۱۱ ۹۴۷ ۰۷۶۹,,
Golestan,node,5471624221,فروشگاه بیلر یدک,بلوار امام خمینی,+98 17 3326 2702,,
Golestan,node,5843701187,برج قابوس,امام خمینی شمالی,,,
Golestan,node,6054863523,تالار کاکتوس,,,,
Golestan,node,6152216685,پوشاک خزین,امام خمینی شمالی,+98 17 3329 0909,,
Golestan,node,6306395416,تالار حاجی زاده,,,,
Golestan,node,6609337221,بنگاه قلعه نو,"گلشن شرقی, گنبد کاووس",,,
Golestan,node,6852556859,Barab Grocery Store,,,,
Golestan,node,7590063617,terrarium lover1,"آزادی, 1, azadshahr",,,
Golestan,node,7717390447,کافی شاپ آنیل,,,,
Golestan,node,7736092299,شرکت کارا مصالح ساختمانی گلستان,آزاد شهر,+98 1735731 872,,
Golestan,node,8025762313,پاپاس,,,,
Golestan,node,8080292176,Nomorgh,"بلوار آخوند آباد, 232, شهر گنبد کاووس, 4976122289",+981733265015,info@nomorgh.ir,https://nomorgh.ir
Golestan,node,8085510282,جواهرى پرتوى٢,,,,
Golestan,node,8274563588,نمایشگاه موتور سیکلت عزیز,"وحدت, شهر گنبد کاووس",,,
Golestan,node,8361782733,کافه درویش قره خانی,,,,
Golestan,node,8813673201,بازرگانی برنج پاییزه یعقوبیان,گنبد کاووس,+98 911274 5664,,
Golestan,node,8813790281,گل فروشی اسد,گنبد کاووس,+98 911179 4753,,
Golestan,node,8814030332,گلکده بامبو,گنبد کاووس,+98 911411 5102,,
Golestan,node,9453668725,مبل میزبان مینودشت,مینودشت,+98 911179 4710,,
Golestan,node,9564976983,لوازم خانه و آشپزخانه علیزاده,,,,
Golestan,node,9835556517,,,,,
Golestan,node,9895021486,مجتمع مروارید,,,,
Golestan,node,10151502437,کبابی بهارستان,,,,
Golestan,node,10564947805,فروشگاه روغن موتور فیرون,"انتظامی, گنبد کاووس",+98 17 3334 0890,,
Golestan,node,10651711219,خیاطی سخاوی,,,,
Golestan,node,10807223916,هایپر آرین مارکت ۲,,,,
Golestan,node,10857693194,فروشگاه آسمان,,,,
Golestan,node,10913746041,سالن زیبایی بهاره,"لاله, شهر گنبد کاووس",09022384783,,
Golestan,node,10990261596,اگزوز سازی خوجملی,,,,
Golestan,node,11064429005,تولیدی مبل برتر,,,,
Golestan,node,11081806905,دنیای دسر.کیک ودسرخانگی,,0909726187,,
Golestan,node,11236933260,آشپزخانه و رستوران أتوس,,01733331903,,
Golestan,node,11281903791,نرده استیل گرگیجی,,,,
Golestan,node,11306542732,تجهیزات پزشکی آریا طب,"شهید علیرضا, مینو دشت",09333403323,,
Golestan,node,11349196662,آشپزخانه خورشید,,01733343895,,
Golestan,node,11359540746,آرایشگاه هادی,,09103951605,,
Golestan,node,11370363153,آرامیس گشت,"امام خمینی شمالی, 309, گنبد کاووس",+981733295250,aramisgasht@gmail.com,
Golestan,node,11392507273,رستوران و خانه عقد و تولد خلیفه,,+98 935 980 3746,,
Golestan,node,11429635960,پرده سرای رادین,,+98 911 410 5429; +98 935 814 1839,,
Golestan,node,11535963256,استیل پارسه,"هلال احمر, گنبدکاووس",-09111721493,,
Golestan,node,11536087013,کبابی توریست(فرشید چوگان),"اروند رود ۵, گنبد کاووس",09119975055,,
Golestan,node,11542779524,کافه پیرو,"مطهری سرابی, 1, گنبد کاووس, 4971735961",+981733557372,,
Golestan,node,11581859964,کباب ترکی پوپا,,,,
Golestan,node,11598116818,برگر غروب,"میدان مالک اشتر بلوار استاندارد, شهر گنبد کاووس",01733387717,,
Golestan,node,11696696977,صوتی تصویری علی,"فجر, گنبد کاووس",09021720106,,
Golestan,node,11732391903,الکتریکی و روشنایی کریمی,,01733589418,,
Golestan,node,11832121652,کولر اتومبیل ( آقچلی ),"بلوار آخوند آباد نبش خیابان کمینه, شهر گنبد کاووس, 49761",09119725896,,
Golestan,node,11832139217,مرکز فروش کارتخوان سیار ( گلچشمه ),"گنبد کاووس خیابان موسی بن جعفر تقاطع جهان آرا, گنبد کاووس",09118781476,,
Golestan,node,11834947898,فروشگاه لوازم یدکی تکر,"شهید بیک محمد شبان, شهر گنبد کاووس",09369552591,,
Golestan,node,11850728614,تایپ و تکثیر پیکسل,"بهارستان, مینودشت",01735221681,,
Golestan,node,11862191186,نانوایی بربری علی‌اصغر کوهی,,,,
Golestan,node,11862191187,سوپرمارکت یاسر,,,,
Golestan,node,11862191188,کامپیوتر جواد,,,,
Golestan,node,11862191189,سوپر تک سجاد,,,,
Golestan,node,11862191190,خدمات فنی تکنسین,,,,
Golestan,node,11862191191,شالیکوبی جواد,,,,
Golestan,node,11862191192,شالیکوبی مصطفی‌لو,,,,
Golestan,node,11866459400,کافه و فست فود جانان,,,,
Golestan,node,11881201984,اورهان مارکت,,,,
Golestan,node,11909441892,فروشگاه کالای برق صمدی زنوز,"خیام جنوبی, گنبد کاوس",09924872500,,
Golestan,node,11934894707,رنگ و ابزار تقی زاده,"بلوار معلم, گنبد کاووس",09111761990,,
Golestan,node,11958133812,هدیه مارکت,,,,
Golestan,node,11962376504,کافی نت مسعود,"دکتر چمران بعد از چهارراه مختوم, گنبدکاووس",01733221266,,
Golestan,node,11999708539,مرکز تخصصی فردائم آرزو سلطانی,"طالقانی شرقی, گنبد کاووس",09123491710,,
Golestan,node,12020053284,نقاشی اتومبیل سعید,,09118773440,,
Golestan,node,12031689204,پروتئین راک,,09114196905,,
Golestan,node,12041893204,رستوران نارنج,"۳, Gonbad kavoos, 49716-34463",+989111722108,,
Golestan,node,12041918264,سوپرمارکت دلفین,"موسی بن جعفر, گنبد کاووس, 49718-43381",,,
Golestan,node,12121494270,پخش قطعات یدکی خودرو,,,,
Golestan,node,12152929198,فروشگاه ورزشی فردیس اسپرت,,,,
Golestan,node,12165924760,ظروف کرایه محمد ناظری,,09350505242,,
Golestan,node,12174586237,تعویض روغنی ابوالفضل,"آزادشهر - گنبد کاووس, نگین شهر",09112764970,,
Golestan,node,12182025121,سُل ما استایل,,0۹۳۰۱۷۰۲۲۲۰,,
Golestan,node,12229346080,کافه لیدز,"سید جمال الدین اسدآبادی, مینو دشت",09118722287,,
Golestan,node,12230290709,سبزیجات سلامت,"ملک الشعرا بهار, گنبد کاووس",+989112764060,,
Golestan,node,12281696599,کافه رستوران فرحزاد(رجایی),"بلوار شهید صمد اسودی بالای بازار روس, 50, شهر گنبد کاووس",09113800225,,
Golestan,node,12290090921,فروشگاه لنزو_طاهری,"اتحاد - ۱۱, گنبد کاووس",09104895068,,
Golestan,node,12292582206,پوشاک امیر استایل  (یازرلو),"بلوار شهید صمد اسودی, شهر گنبد کاووس بازار روس",۰۱۷۳۳۳۳۲۷۰۸,,
Golestan,node,12328916531,ریحون مارکت,,01733330745,,
Golestan,node,12337130650,خدمات فنی خودرویی جنرال,"گنبد کاووس بلوار بصیرت کوچه هنرستان الغدیر ا, گنبدکاووس",09129518291,,
Golestan,node,12360320238,طلا و جواهر محمد,,09111760064,,
Golestan,node,12374718502,فست فود هشتگ,,09113728702,,
Golestan,node,12448380973,فروشگاه خانه وآشپزخانه دوجی - مرکز خرید عمده,"بعثت, گنبدکاووس",09012724165,,
Golestan,node,12462859382,دخانیات دهکده,"جاده‌ ازدارتپه - فاضل آباد, خاندوز سادات",09021181223,,
Golestan,node,12513122443,مرکز تخصصی فر دائم سلطانی,,۰۹۰۲۲۰۲۱۴۴۳,,
Golestan,node,12536066401,کنتاکی سوخاری فرای چی,"طالقانی شرقی, گنبد کاووس",01733581768,,
Golestan,node,12549206936,فرفورژه مهندس غلامی,"شهدای شرقی, گنبد کاووس",+989117510590,,
Golestan,node,12549237518,شاخ گوزنی و درب آکاردئونی ( مهندس غلامی ),"شهدای شرقی, گنبد کاووس",+989117510590,,
Golestan,node,12550103231,میلگرد بستر و والپست منقطع گنبد,"شهدای شرقی, گنبد کاووس",0911 751 0590,,
Golestan,node,12560524226,تعمیرگاه اسکانیا تهران تکنیک,,,,
Golestan,node,12612291801,قهوه کابوک,"مدافع حرم, گنبد کاووس",09115194007,,
Golestan,node,12640699870,کاشی و سرامیک ریان,,,,
Golestan,node,12735504638,لوازم یدکی خودرو توماج  ( شبانه روزی),"بلوار امامزاده یحیی ابن زید, شهر گنبد کاووس",09113077605,,
Golestan,node,12738667474,کاشی و سرامیک ونوس,,+989308007392,,
Golestan,node,12740823710,فروشگاه مواد غذایی عزیزی,"امامزاده غربی, گنبدکاووس",00989112762515,,
Golestan,node,12761525412,رنگ و ابزار تقی زاده,"بلوار معلم, گنبد کاووس",09111761990,,
Golestan,node,12791001065,آرایشگاه مسعود,,,,
Golestan,node,12793700856,سرامیک خودرو هیدرو تی رکس ، شهابی,"هلال احمر, گنبدکاووس",09112229355,,
Golestan,node,12794311732,جواهری ژینوس,,+989111795013,,
Golestan,node,12799706829,روغن گیری گلی نیا,,,,
Golestan,node,12835656534,مکانیکی و تعويض روغن شیخی,"آزادشهر - علی آباد - گرگان, قره قاچ",09384090298,,
Golestan,node,12852568931,آبمیوه انرژی پلاس,,,,
Golestan,node,12865378063,Kachiran نمایندگی کاچیران ، مهاجر,,,,
Golestan,node,12865378064,جواهری رضا,,,,
Golestan,node,12865378065,پوشاک زنانه آوا,7529,,,
Golestan,node,12865378067,Bagheriطلافروشی,752с,,,
Golestan,node,12865378069,جواهری+ بهپور,,,,
Golestan,node,12865378070,کیف و کفش میلان Milan Bag&Shoe,,,,
Golestan,node,12865378071,گالری طلا حس,,,,
Golestan,node,12865378072,نمایندگی خریدوفروش _آنلاین انواع قارچ گانودرما,,,,
Golestan,node,12865378073,فروشگاه لوازم خانگی _ساوالان,,,,
Golestan,node,12865378076,شیرینی صدف,,,,
Golestan,node,12865378078,کافه ترکا,,,,
Golestan,node,12870125944,رستوران و آشپزخانه پرویزجوجه(اسدی),"کمربندی آزادشهر, آزادشهر",+989117549338,,
Golestan,node,12870135785,کافه رستوران صاحبدلان(کی پور),"مینودشت - آزادشهر, آزادشهر",09113746044,,
Golestan,node,12876881134,نمایشگاه موتور سیکلت طالبی فر,"خیابان شهید بهشتی (کاخ) ، تقاطع سعدی (چراغ قرمز), گنبدکاووس",09119970667,,
Golestan,node,12880776047,سرویس و تعمیرات تخصصی ماشین های چینی قربانپور,,+989025960824,,
Golestan,node,12881521599,باند و آمپلی فایر حسینقلی زاده,,,,
Golestan,node,12881534001,کاف_ ترکا,,,,
Golestan,node,12881534002,پروتئنی پر سپید__,,,,
Golestan,node,12881534004,ظروف ی!کبار مصرف عیسی پروین,,,,
Golestan,node,12881534005,Donyaye Bazr Seed Shop _فروشگاه دنیای بذر,,,,
Golestan,node,12894285861,نمایندگی ایران خودرو آرش شیخ ملکی کد3210,جاده گنبد-مینودشت,09005553210,,
Golestan,node,12901665225,تولیدی و پخش پوشاک قلی راد,,,,
Golestan,node,12920118166,فروشگاه سرگزی,,,,
Golestan,node,12920118167,الکتریکی نوروزی_,,,,
Golestan,node,12965296698,تعويض روغن امین ( سنچولی ),"رامیان - زینب آباد, رامیان",09119692399,,
Golestan,node,12998679110,آبیار تجهیز (مهندس سلمانیان),"گلشن شرقی, گنبد کاووس",09900680997,,
Golestan,node,13041699184,آشپزخانه محمدآلق,"دکتر چمران, 2, گنبدکاووس, 87",+989015021122,,
Golestan,node,13042963054,دخانیات قزلجه,,09105707757,,
Golestan,node,13091764107,سلطان عینک گلستان (نوروزی),"طالقانی شرقی ،پاساژ آجودانی طبقه اول انتهای سالن, شهر گنبد کاووس",09154558405,,
Golestan,way,408536264,هایپر فامیلی گنبد کاووس,"بلوار صیاد شیرازی, گنبد کاووس",,,
Golestan,way,426718930,میدان بار,,,,
Golestan,way,657539537,سلف سرویس,,,,
Golestan,way,689274088,برتر جوجه گلوگاه,,,,
Golestan,node,4539457798,,,,,
Golestan,node,4539457799,,,,,
Golestan,node,4539457800,,,,,
Golestan,node,4539457801,نانوایی,,,,
Golestan,node,4539469289,نانوایی,,,,
Golestan,node,4539471211,,,,,
Golestan,node,4541037338,,,,,
Golestan,node,4541037340,,,,,
Golestan,node,4541037341,,,,,
Golestan,node,4541037342,نانوایی,,,,
Golestan,node,4541037343,,,,,
Golestan,node,5062852634,نانوایی,,,,
Golestan,node,5062852635,نانوایی,,,,
Golestan,node,5062854624,نانوایی,,,,
Golestan,node,5062883921,نانوایی,,,,
Golestan,node,5066494325,نانوایى,,,,
Golestan,node,5133680821,نانوایى,,,,
Golestan,node,5136976622,سوپرمارکت میرشایى,,,,
Golestan,node,5136977621,سوپرمارکت احمد,,,,
Golestan,node,6314342294,,,,,
Golestan,node,11118978441,سوپر مارکت پارسا (برادران میردار),,,,
Golestan,node,12638567839,HYÝAL NAGYŞ,,+99362885489,hyyalnagysh@gmail.com,
Golestan,node,11601714162,فروشگاه کوچک,,,,
Golestan,node,11601738224,سوپر مارکت,,,,
Golestan,way,385707801,بازارچه مرزی اینچه برون,,,,
Golestan,node,6636569953,سوپر مارکت تک تاپ,,,,
Golestan,node,6636569954,پوشاک تک تاپ,,,,
Golestan,node,6700522210,,,,,
Golestan,node,6700522211,,,,,
Golestan,node,6814479245,خیاطی دنیا,,,,
Golestan,node,12459255385,خرازی مادر مهربان,"۷۴, عرب سرنگ, ۱۲۳۴۵۶",01733274825,,
Golestan,node,12459278539,خرازی مادر مهربان,"۷۴, عرب سرنگ",,,
Golestan,way,712334023,,,,,
Golestan,way,712334057,,,,,
Golestan,way,712334078,فروشگاه تک تاپ,,,,
Golestan,way,712342669,,,,,
Golestan,way,712342671,,,,,
Golestan,way,712351010,قنادی و شیرینی فروشی گل سرخ,,,,
Golestan,way,712354230,,,,,
Golestan,way,713299603,,,,,
Golestan,node,4232010290,فتو سیب,خیابان قائم,+989119794349,photosib@yahoo.com,https://instagram.com/photo.sib
Golestan,node,4810863221,,,,,
Golestan,node,6569260346,سوپر مارکت زیتون (حسن زاده),,,,
Golestan,node,6569316116,خوارو بار فروشی سیمرغ,,,,
Golestan,node,6569581601,نمایندگی ایران خودرو,,,,
Golestan,node,6569828442,افق کوروش,,,,
Golestan,node,6569918454,نانوایی موسی قربانب,,,,
Golestan,node,6569918455,سوپر مارکت اولیایی,,,,
Golestan,node,6569934689,,,,,
Golestan,node,6569941036,تالار پذیرایی تعاون,,,,
Golestan,node,6815493806,داروخانه دکتر کاغذی,,,,
Golestan,node,7046211448,پیتزا وساندویچی رِست,,,,
Golestan,node,9517049667,آب و آتش,,+98 935 975 6812,,
Golestan,node,11750736269,فروشگاه مواد شوینده و بهداشتی سیو,جاده گرگان - بجنورد,+989119794349,photosib@yahoo.com,
Golestan,node,12092945884,طلای نامی,"میدان آخوند احمدی, شهر کلاله, 4991716141",09112742566,,
Golestan,node,12196481883,تعمیرگاه و باطری سازی محمد,,,,
Golestan,way,677308937,نمایندگی ایران خودرو,,,,
Golestan,node,4388868664,,,,,
Golestan,node,11211818037,رستوران علی دشتی,,+989128962410,,
Golestan,node,12121897924,تعمیرگاه مجاز سیار تکنام,,09338997945,,
Golestan,node,12379427232,امداد خودرو و یدک کش رباط قره بیل,"بجنورد - گرگان, گرمه",,,
Golestan,node,10106927217,Toýnaň magaziny,Magtymguly köçesi,,,
Golestan,node,12638567838,HYÝAL NAGYŞ,,+99362885489,hyyalnagysh@gmail.com,
Golestan,node,6418746986,عطا,,+989118668191,,
Golestan,way,687377132,بازارچه محلی,,,,
Golestan,node,5875564328,Naharhana,,,,
Golestan,node,7772627085,,"klubuñ yany, 2 etaž, 800245",62235559,toylyyew.maksat@yandex.ru,
